Mutation type,Trinucleotide,Biliary-AdenoCA::SP117655,Biliary-AdenoCA::SP117556,Biliary-AdenoCA::SP117627,Biliary-AdenoCA::SP117775,Biliary-AdenoCA::SP117332
C>A,ACA,269,114,105,217,52
C>A,ACC,148,56,71,123,36
C>A,ACG,25,13,13,29,8
C>A,ACT,154,70,73,126,31
C>A,CCA,215,63,71,129,30
C>A,CCC,148,49,55,82,22
C>A,CCG,27,7,8,26,10
C>A,CCT,180,69,61,143,38
C>A,GCA,165,81,61,162,21
C>A,GCC,76,37,50,84,25
C>A,GCG,19,14,9,23,15
C>A,GCT,136,52,45,115,24
C>A,TCA,292,128,100,277,64
C>A,TCC,186,50,71,169,47
C>A,TCG,36,20,21,21,6
C>A,TCT,330,164,153,333,73
C>G,ACA,80,29,22,65,15
C>G,ACC,61,19,16,32,7
C>G,ACG,11,6,4,28,3
C>G,ACT,117,21,18,64,21
C>G,CCA,68,18,22,48,14
C>G,CCC,47,16,15,37,13
C>G,CCG,16,7,10,18,2
C>G,CCT,89,36,23,79,24
C>G,GCA,31,13,9,31,10
C>G,GCC,49,14,21,23,6
C>G,GCG,5,4,4,21,1
C>G,GCT,70,19,14,40,10
C>G,TCA,353,46,63,451,188
C>G,TCC,139,20,30,162,58
C>G,TCG,15,4,6,29,11
C>G,TCT,580,65,86,620,204
C>T,ACA,239,104,155,238,51
C>T,ACC,120,49,96,107,28
C>T,ACG,486,341,375,612,150
C>T,ACT,209,78,99,177,18
C>T,CCA,254,92,132,205,52
C>T,CCC,152,80,113,141,41
C>T,CCG,330,188,277,420,105
C>T,CCT,249,91,114,209,48
C>T,GCA,186,97,143,153,32
C>T,GCC,149,66,109,119,31
C>T,GCG,475,268,293,489,121
C>T,GCT,166,68,90,134,31
C>T,TCA,926,121,376,863,306
C>T,TCC,464,96,187,383,111
C>T,TCG,247,177,192,354,106
C>T,TCT,767,82,278,622,169
T>A,ATA,193,39,42,91,28
T>A,ATC,103,32,48,73,17
T>A,ATG,147,46,43,106,35
T>A,ATT,239,125,73,133,33
T>A,CTA,157,35,11,50,22
T>A,CTC,118,30,31,57,14
T>A,CTG,217,31,26,61,34
T>A,CTT,193,42,43,81,28
T>A,GTA,96,20,15,35,12
T>A,GTC,44,13,17,22,9
T>A,GTG,102,18,20,38,17
T>A,GTT,88,20,20,51,11
T>A,TTA,226,77,57,94,38
T>A,TTC,67,26,24,59,18
T>A,TTG,107,19,19,43,17
T>A,TTT,179,66,56,104,23
T>C,ATA,251,86,73,186,66
T>C,ATC,73,21,47,71,19
T>C,ATG,128,87,51,135,43
T>C,ATT,193,78,83,167,40
T>C,CTA,95,34,32,63,17
T>C,CTC,107,31,33,78,11
T>C,CTG,97,46,37,65,23
T>C,CTT,171,51,38,108,22
T>C,GTA,89,54,45,99,36
T>C,GTC,48,30,34,51,15
T>C,GTG,67,24,26,71,21
T>C,GTT,106,39,61,130,35
T>C,TTA,150,51,52,96,28
T>C,TTC,98,38,46,81,20
T>C,TTG,69,37,22,54,15
T>C,TTT,144,76,81,125,27
T>G,ATA,86,18,13,32,12
T>G,ATC,26,4,6,12,6
T>G,ATG,44,17,11,33,7
T>G,ATT,83,26,25,67,13
T>G,CTA,36,9,10,14,7
T>G,CTC,31,15,9,34,5
T>G,CTG,49,23,8,43,8
T>G,CTT,268,53,44,132,18
T>G,GTA,19,8,7,21,2
T>G,GTC,17,5,6,7,4
T>G,GTG,43,20,14,28,7
T>G,GTT,89,15,14,34,7
T>G,TTA,83,26,16,38,15
T>G,TTC,48,10,8,30,8
T>G,TTG,63,31,15,53,16
T>G,TTT,197,64,52,122,38
